,timestamp,username,tweet,label
4214,2021-03-30 23:36:20,lucabrambilla24,astrazeneca carabiniere morto per trombosi dopo il vaccino una nuova perizia ,2
11243,2021-03-16 19:25:52,stefanoazzolin3,astrazeneca speranza  stop vaccino deciso dopo dati germania  a verg,2
11884,2021-03-16 12:15:11,vikingmetal,astrazeneca chi sospende i vaccini o e certo di cosa contenga di errato il vaccino o ha paura degli aghi oppure deve punire una nazione oppure deve piacergli tanto il covid 19 che ci andrebbe pure a letto con il malato di covid 19 gialloastrazeneca astrazeneca,2
11768,2021-03-16 13:22:12,guragno73660820,astrazeneca sospeso il vaccino l affinamento in barrique richiede tempo aifa covid19 covid_19 figliuolo lockdown ottoemezzo omnibusla7 vaccino vaccini zonarossa zonabianca firstreactionshock muttleyfaqualcosa,2
11572,2021-03-16 15:15:51,itcasanova,astrazeneca sara un vaccino sicuro quando si saranno vaccinati in diretta televisiva tutti i politici europei e dopo aver atteso per minimo 15 giorni gli effetti collaterali questa di che si chiama comunicazione persuasiva sui vaccini ,2
11543,2021-03-16 15:28:58,voceamicaitalia,astrazeneca palu aifa 6 casi di trombosi su milioni di persone da provare nesso causa effetto vaccino ,2
11482,2021-03-16 16:09:21,aboenco,astrazeneca vaccino ai giornalisti prego vaccini asse draghi speranza chi rifiuta astrazeneca non avra altre marche  ,2
11463,2021-03-16 16:24:11,raffaeledecarl1,astrazeneca vaccini la sospensione delle vaccinazioni con astra zeneca era inevitabile i media hanno cavalcato le paure a fronte di dati statistici nella norma sospese praticamente in tutta europa degli effetti letali provocati dal vaccino pfizer non se ne parla ,2
11338,2021-03-16 18:02:05,ritac70,astrazeneca l ema chiarisce  nessuna prova su vaccino causa trombosi ,2
11254,2021-03-16 19:13:10,erica90835855,astrazeneca e il vaccino meno caro ma l ue assicura altri vaccini matteobassetti ,2
11220,2021-03-16 19:52:21,liviaeterea,astrazeneca ha fatto la scelta etica di far pagare quasi a prezzo di costo il suo vaccino cioe circa 2EUR a dose gli altri costano pressoche tutti sopra le 5EUR non e che questa pubblicita negativa torna utile a qualcuno chiedoperunamico stopcovid vaccini,2
11960,2021-03-16 11:16:18,lucabattista10,astrazeneca pierpaolo sileri a libero cosa succede se l ema verifica il nesso tra il vaccino e le morti per trombosi e sempre un nesso temporale post hoc ergo propter hoc la simultaneita non e scientifica ma magica il caso e magia,2
11202,2021-03-16 20:04:32,skibu69,astrazeneca come mai i deceduti per trombosi hanno tutti ricevuto quel vaccino non mi interessa quanto sia l incidenza dei morti rispetto ai vaccinati con astrazeneca mi sembra di capire che gli altri vaccini non abbiano provocato trombosi cerebrali,2
11195,2021-03-16 20:14:06,fulviobaccino,astrazeneca il vaccino ripartira eccome oramai i soldi sono stati spesi le trombosi ti possono fare credere cio che vogliono oramai e una questione economica povero mondo ,2
11179,2021-03-16 20:30:13,riccardoliguori,astrazeneca sileri rassicura dubito sul nesso fra vaccino e trombosi e su sputnik se ottiene il via libera sono favorevole ,2
11160,2021-03-16 20:46:24,invictusnon,astrazeneca il sospetto sul vaccino e i morti sindrome rara porta a coagulazione del sangue e trombosi cerebrali ,2
11114,2021-03-16 21:24:02,severi8federico,astrazeneca sileri rassicura dubito sul nesso fra vaccino e trombosi e su sputnik se ottiene il via libera sono favorevole e piatta ,2
11059,2021-03-16 22:06:10,giangi_ilboomer,astrazeneca anche migliaia di bambini dell africa muoiono per i vaccini non ce li hanno 16marzo vaccino vaccinoanticovid vaccinoastrazeneca astrazenecanonsiferma buonaserata ventaglidiparole untemaalgiorno unmilionedicosedadirti covid_19 covid19 coronavirus,2
11040,2021-03-16 22:26:09,amegidabd,astrazeneca sileri rassicura dubito sul nesso fra vaccino e trombosi e su sputnik se ottiene il via libera sono favorevole ,2
11023,2021-03-16 22:53:16,alien1it,astrazeneca sileri rassicura dubito sul nesso fra vaccino e trombosi e su sputnik se ottiene il via libera sono favorevole gt gt gt dopo il permesso della nato ovvio ,2
11900,2021-03-16 12:03:53,vsoasv,astrazeneca aifa vaccini vaccino mi chiedo come si possa stoppare una campagna vaccinale in un periodo del genere e si parla non di uno stop breve ma di due giorni quindi con una ripresa se tutto va bene che avverra venerdi irrispettosa perdita di tempo ,2
11983,2021-03-16 11:02:41,simone98rc,astrazeneca e l unico vaccino a prezzo calmierato attualmente in commercio in europa le vere lobby del farmaco ringraziano per il delirio anti scientifico di questi giorni  bigpharma vaccini coronavirus covid19 trombosi,2
11011,2021-03-16 23:05:47,accedialsito,astrazeneca pfizer ci hanno ingannato vaccino vaccini vaccinocovid corona covid_19 salvini papafrancesco vaticano isoladeifamosi2021 uominiedonne ,2
12476,2021-03-15 23:21:51,evokofficial,astrazeneca vietata su tutto il territorio nazionale la decisione dell aifa  italia vaccino vaccini vax italy covid  ,2
12740,2021-03-15 20:31:26,damianodanny1,astrazeneca fallimento europeo che fanno a bruxelles salvini bombarda l ue dopo stop ad astrazeneca non arrivano vaccini promessie vengono sospesi quelli autorizzati il governo italiano a correre x produzione nazionale contattare altri paesi vaccino sputnik ,2
12736,2021-03-15 20:33:55,ilmessaggeroit,astrazeneca segnalata forma rara di trombosi in germania ma gli esperti tranquillizzano vaccino e sicuro ,2
12729,2021-03-15 20:36:35,stefaniafalone,astrazeneca segnalata forma rara di trombosi in germania ma gli esperti tranquillizzano vaccino e sicuro ,2
12709,2021-03-15 20:42:07,natalinipaolo,astrazeneca staseraitalia nei farmaci che io prendo abitualmente negli effetti collaterali c e scritto morte e ci parla uno che ha fatto la prima dose di astrazeneca astrazenaca vaccino vaccini vaccinocovid,2
12683,2021-03-15 20:49:35,gushand77,astrazeneca e stato considerato un tasso costante di adesione al vaccino nel tempo da parte dei cittadini questa una delle assunzioni del piano vaccini lo vogliono proprio mandare a puttane questo piano ,2
12643,2021-03-15 21:09:27,etiennelorenza,astrazeneca segnalata forma rara di trombosi in germania ma gli esperti tranquillizzano vaccino e sicuro ,2
12501,2021-03-15 23:00:22,giannivezzani1,astrazeneca pierpaolo sileri a libero  cosa succede se l ema verifica il nesso tra il vaccino e le morti per trombosi  ,2
12489,2021-03-15 23:07:43,masonotarianni,astrazeneca e trombosi piu morti in percentuale tra i non vaccinati che tra i vaccinati dice l oms forse il titolo giustosarebbe il vaccino funziona anche per prevenire le trombosi ,2
12459,2021-03-15 23:30:43,adri19510,astrazeneca pierpaolo sileri a libero  cosa succede se l ema verifica il nesso tra il vaccino e le morti per trombosi  ,2
11993,2021-03-16 10:55:22,lapresse_news,astrazeneca speranza chi ha fatto il vaccino non deve essere preoccupato astrazeneca ema scudolegale speranza vaccini ,2
12421,2021-03-16 00:30:47,gildo1959,astrazeneca a mio avviso vanno indicati gli eventi avversi di tutti i vaccini in modo da far vedere che il numero di eventi avversi e simile per ogni tipo di vaccino e questo dovrebbe portare a una maggiore razionalita,2
12413,2021-03-16 01:01:02,alelu62,astrazeneca cosi draghi ha deciso lo stop al vaccino dobbiamo muoverci all unisono con l europa lockdown non pervenuto sul pianopandemico porta pure iella sui vaccini ,2
12324,2021-03-16 07:32:27,anitaelaura,astrazeneca sospesa per trombosi rara dopo intense consultazioni su gravi eventi trombotici in germania e in europa il paul ehrlich institut raccomanda la sospensione temporanea de vaccino astra zeneca ,2
12320,2021-03-16 07:35:19,lucazacchi1963,astrazeneca i vaccini e la nostra sete di salvezza il timone io la salvezza la aspetto solo da dio non dalla scienza ne dai medici e tantomeno da un vaccino chiunque e comunque lo produca ,2
12268,2021-03-16 08:13:40,larcisiciliano,astrazeneca uno stop per le rassicuranti verifiche del caso vedremo pressioni sulla casa farmaceutica sarebbe un bluff i vaccini servono tutti per ora l unico caso di trombosi gia seguito da autopsia avrebbe escluso correlazioni col vaccino ,2
12183,2021-03-16 09:01:34,fisco24_info,astrazeneca sospeso galli stop fa danni ritardo provoca morti ogni giorno in questo paese ci sono 166 fenomeni di trombosi non collegati al vaccino ,2
12142,2021-03-16 09:18:58,invictusnon,astrazeneca il sospetto sul vaccino e i morti sindrome rara porta a coagulazione del sangue e trombosi cerebrali ,2
12112,2021-03-16 09:31:58,youtvrs,astrazeneca si presentano per il vaccino rimandati a casa esponenti delle forze dell ordine lucatalevi rovaldi vaccini vigili ,2
11012,2021-03-16 23:04:04,capricorne_o,astrazeneca draghi e macron ripartire con il vaccino speditamente se c e l ok di ema l ok ci sara per tanti motivi tranne quelli che interessano davvero per non fallire la campagna meglio rivolgersi verso altri vaccini ,2
10934,2021-03-17 01:31:18,capricorne_o,astrazeneca speranza siamo intervenuti dopo lo stop e fiducia crediamo nei vaccini basta non imporre un solo vaccino solo perche l avete acquistato a buon mercato e la campagna avra successo ,2
12887,2021-03-15 19:12:54,agenpress,astrazeneca ema benefici superano i rischi oms ogni giorno si muore di trombosi i benefici del vaccino ast ,2
9594,2021-03-18 17:58:02,calabrianewsit,astrazeneca via libera dell ema al vaccino tuttavia non escluso legame con rare trombosi attualita italia ,2
9659,2021-03-18 17:37:30,_sigonfialarete,astrazeneca il vaccino e sicuro efficace i benefici sono superiori ai rischi ed escludiamo relazioni tra casi di trombosi le parole di emer cooke direttrice dell ema ,2
9656,2021-03-18 17:37:46,herbert403,astrazeneca l ema il vaccino e sicuro non e associato a un aumento del rischio di trombosi ulteriori verifiche su casi rari ,2
9654,2021-03-18 17:38:38,martinotato,astrazeneca se davvero e spero non sia cosi hanno dichiarato che il vaccino e sicuro sicurissimo ma non escludiamo che qualche caso di trombosi sia ad esso legato siamo fottuti equivale a dire alla gente vai tranquillo qualcuno morira ma vedrai che non sarai tu ,2
9638,2021-03-18 17:44:57,p_m_1960,astrazeneca dall ema via libera al vaccino sicuro ed efficace i benefici superano i rischi esclusi legami con i casi di trombosi e di morti degli ultimi giorni adesso quindi ripartire subito e bene avanti tutta e auguri ,2
9615,2021-03-18 17:51:05,infodifesa,astrazeneca l ema ha deciso vaccino sicuro ed efficace vaccini ,2
9610,2021-03-18 17:51:54,franceskoparis,astrazeneca abbiamo sempre saputo che il vaccino era sicuro ma abbiamo aspettato tre giorni perche ci tenevamo un casino diventare trend su twitter 18marzo astrazeneca vaccini propagandalive,2
9598,2021-03-18 17:57:03,pmi_it,astrazeneca vaccino anti covid sicuro il parere ema ema conferma la mancanza di nessi causali tra somministrazione del siero astrazeneca e casi di trombosi il vaccino e sicuro benefici superiori ai rischi economia scenari ,2
9596,2021-03-18 17:57:20,dome689,astrazeneca l ema il vaccino e sicuro e non e associato ad aumento del rischio di trombosi altre verifiche su casi rari non escluso legame ,2
9587,2021-03-18 18:01:02,medbunker,astrazeneca l ema conferma la sicurezza del vaccino non trova alcun nesso tra casi di trombosi e vaccinazione non ha rilevato irregolarita in particolari lotti o sedi di produzione e chiede comunque una sorveglianza aggiuntiva ,2
9690,2021-03-18 17:29:35,g_brescia,astrazeneca secondo ema e un vaccino sicuro ed efficace non e associato a un aumento del rischio di trombosi verranno fatte ulteriori verifiche sui casi rari benefici superiori a rischi avanti riprendiamo la campagna vaccinale a pieno regime ,2
9547,2021-03-18 18:12:03,lucafaccio,astrazeneca l ema il vaccino e sicuro e non e associato ad aumento del rischio di trombosi altre verifiche su casi rari non escluso legame ,2
9503,2021-03-18 18:34:08,solounastella,astrazeneca l ema il vaccino e sicuro e non e associato ad aumento del rischio di trombosi altre verifiche su casi rari non escluso legame ,2
9489,2021-03-18 18:43:53,erretti42,astrazeneca l ema il vaccino e sicuro e non e associato ad aumento del rischio di trombosi altre verifiche su casi rari non escluso legame il fatto quotidiano cvd ,2
9456,2021-03-18 19:03:04,zenatidavide,astrazeneca vaccini riprendono venerdi alle 15 la raccomandazione del comitato di farmacovigilanza prac di ema nella riunione di oggi 18 marzo 2021 ha confermato il favorevole rapporto beneficio rischio del vaccino anticovid19 astrazeneca ,2
9416,2021-03-18 19:33:49,stefaniafalone,astrazeneca l ema il vaccino e sicuro e non e associato ad aumento del rischio di trombosi altre verifiche su casi rari non escluso legame ,2
9377,2021-03-18 20:10:08,eliolannutti,astrazeneca l ema il vaccino e sicuro e non e associato ad aumento del rischio di trombosi altre verifiche su casi rari non escluso legame ,2
9337,2021-03-18 20:43:15,claudiodamico72,astrazeneca l ema il vaccino e sicuro non e associato a un aumento del rischio di trombosi ulteriori verifiche su casi rari ,2
4219,2021-03-30 23:17:01,misiasimo1,astrazeneca professoressa muore di trombosi a 46 anni a palermo  nell anamnesi presente il vaccino  ,2
9673,2021-03-18 17:33:57,amperrino,astrazeneca ema il vaccino e sicuro benefici superiori ai rischi covid19 lockdown2021 vaccini coronavirus,2
9697,2021-03-18 17:26:19,scafato,astrazeneca via libera al vaccino safe amp effective vaccine benefit outweight the risks sicura e efficace opzione contro il covid beneficio supera i rischi nessun effetto del vaccino sulla coagulazione dati insufficienti per collegare o escluder trombosi come effetto del vaccino ,2
10927,2021-03-17 02:20:01,salernonotizie,astrazeneca societa italiana per lo studio delle trombosi  inutili farmaci prima di vaccino  ,2
10330,2021-03-17 18:19:27,sono_farmaci,astrazeneca ilaria capua vaccino sicuro ho detto a mia mamma di correre a farlo disse quella specializzata in igiene animale forse pensa che questi vaccini siano come quelli che si fanno ai gatti forse pensa anche che i bambini debbano essere sverminati ,2
10925,2021-03-17 02:40:59,mariafiborrini,astrazenecavaccine germany my blog la germania chiede verifica ema per i casi di trombosi dopo prima dose vaccino germany requests ema verification for thrombosis cases after the first vaccine dose ,2
10848,2021-03-17 08:36:17,raffaelepenocch,astrazenecavaccine se i casi di trombosi dopo il vaccino astrazeneca sono soltanto una coincidenza perche non sono stati denunciati casi simili dopo aver fatto il vaccino pfizer ,2
10753,2021-03-17 10:04:05,marcoludovic0,astrazeneca la polizia di stato nessun pericolo  circolare sanita ps aifa vaccini ema vaccino pfizer covid19 zonarossa ,2
10609,2021-03-17 12:56:44,danielebanfi83,astrazeneca e rischio trombosi facciamo chiarezza lo stop e frutto di alcuni rari fenomeni 7 su 1 7 milioni registrati in germania il vaccino e comunque estremamente sicuro p s in italia 1 persona su 600 e morta di covid19 ,2
10468,2021-03-17 15:21:31,995adalessandro,astrazeneca sospendere la produzione della tipologia di vaccino visto che potrebbe dare problemi in futuro ed avreste dovuto saperlo ema incompetenti ignoranti ma lasciar produrre in quegli stabilimenti altri vaccini su licenza pfizer come j amp j etc ,2
10409,2021-03-17 16:30:00,provitafamiglia,astrazeneca il presidente dell aifa mi aspetto nota dell ema per le donne che prendono la pillola leggi qui il commento di giorgio palu sui casi di trombosi correlati all assunzione del vaccino astrazeneca ,2
10340,2021-03-17 18:11:26,rontagnano,astrazeneca prima 55 poi 65 poi alcuni morti guando domani ci diranno e sicuro cosa fare altri vaccini nessun morto cosa scegliere se fossi imbecille astra zeneca ha voglia pseudosperanza a dire che non si puo cambia vaccino sti cazzi ,2
10336,2021-03-17 18:15:05,stefano5560,astrazeneca sarebbe interessante sapere negli ultimi 10 giorni quanti altri carabinieri militari di 50 anni sono morti per trombosi o embolie senza aver fatto il vaccino poi facciamo un po di conti,2
10313,2021-03-17 18:37:05,emilioberettaf1,astrazeneca ilaria capua vaccino sicuro ho detto a mia mamma di correre a farlo ,2
9700,2021-03-18 17:26:12,fattoquotidiano,astrazeneca l ema il vaccino e sicuro non e associato a un aumento del rischio di trombosi ulteriori verifiche su casi rari ,2
10123,2021-03-18 05:57:04,palermotoday,astrazeneca i sette casi sospetti di trombosi in germania e i motivi della sospensione del vaccino attualita coronavirus ,2
10027,2021-03-18 09:47:57,pietrojoser,astrazeneca scelta politica l istituto tedesco sostiene che il nm di casi letali di cui si sta occupando e statisticamente superiore in maniera significativa al numero di trombosi cerebrali che si manifestano abitualmente nella popolazione in assenza di vaccino agorarai,2
9964,2021-03-18 12:01:54,telebari,astrazeneca l aifa dai dati non c e causalita tra vaccino e trombosi eventi avevano rischio di base noto bari notizie ,2
9851,2021-03-18 15:30:16,leggoit,astrazeneca l agenzia britannica del farmaco  non c e prova di legami tra vaccino e casi di trombosi  ,2
9835,2021-03-18 15:59:32,meteoweb_eu,astrazeneca perche la germania ha sospeso il vaccino  preoccupa grave trombosi venosa cerebrale in vaccinati giovani che non erano a rischio per il covid ,2
9788,2021-03-18 17:09:02,gds_it,astrazeneca l ema un vaccino sicuro nessun collegamento con le trombosi ,2
9784,2021-03-18 17:10:26,scafato,astrazeneca safe and effective vaccine sicura e efficace opzione per vaccinare contro il covid  nessun legame certo tra trombosi e vaccino collaboriamo con tutte le agenzie autorizzative continuiamo nella vaccinazione in europa,2
9705,2021-03-18 17:25:45,viagrazie,astrazeneca perche la germania ha sospeso il vaccino preoccupa grave trombosi venosa cerebrale in vaccinati giovani che non erano a rischio per il covid documento pubblicato dal paul ehrlich institut l agenzia federale tedesca per i vaccini ,2
12864,2021-03-15 19:25:51,mariocdibenede2,astrazeneca e il vaccino che viene somministrato ai lt 65 che svolgono specifiche attivita che aumentano l esposizione al rischio di contagio come insegnanti e forze dell ordine agli over 80 vengono invece somministrati i vaccini pfizer e moderna ,2
12947,2021-03-15 18:46:33,lloucin,astrazeneca ho sempre pensato che fosse necessario ed importante trovare la cura piu del vaccino i vaccini mi hanno fatto sempre paura e messo tanti dubbi idea personale s intende con questo si e creato ulteriore confusione e diffidenza nella gente,2
9269,2021-03-18 21:45:29,msn_italia,astrazeneca ema  casi di trombosi dopo il vaccino inferiori alla normalita  ,2
16014,2021-03-11 18:38:20,gastonevaccari4,astrazeneca vaccino sospeso in danimarca per casi di trombosi la repubblica ,2
16137,2021-03-11 17:03:59,stealbamonte,astrazeneca telefonata draghi vonderleyen colloquio telefonico tra mario draghi e ursula von der leyen nessun nesso tra i casi di trombosi registrati in europa e la somministrazione del vaccino l ema ha avviato una ulteriore review accelerata ,2
16131,2021-03-11 17:08:20,alien1it,astrazeneca l aifa dispone lo stop in italia per un lotto del vaccino draghi sente von der leyen nessuna evidenza di trombosi mondo ansa ,2
16127,2021-03-11 17:08:54,vincediovisalvi,astrazeneca l aifa dispone lo stop in italia per un lotto del vaccino draghi sente von der leyen nessuna evidenza di trombosi allora perche e stato sospeso per capriccio diteci la verita sui vari infarti dopo i vaccini poi ne parliamo,2
16126,2021-03-11 17:10:24,maurmaso,astrazeneca l aifa dispone lo stop in italia per un lotto del vaccino draghi sente von der leyen nessuna evidenza di trombosi ,2
16107,2021-03-11 17:21:20,actarus1070,astrazeneca il vaccino ritirato in 17 paesi per casi di trombosi  ,2
16070,2021-03-11 17:53:05,marsicaw,astrazeneca interviene la von der leyen  nessuna trombosi legata al vaccino  astrazeneca italia vaccini  ,2
16064,2021-03-11 17:57:25,texwiller25,astrazeneca colloquio telefonico draghi von der leyen non evidente il nesso tra vaccino e casi di trombosi ,2
16050,2021-03-11 18:07:43,vsyelania41,astrazeneca dopo diversi casi di emboli e decessi il vaccino e stato approvato senza rispettare l approvazione ordinaria prevista x i vaccini che dura almeno 2anni i gov che lo hanno autorizzato dovrebbero essere processati per crimini contro l umanita  ,2
15999,2021-03-11 18:51:53,giogio_al_cubo,astrazeneca ritirato un lotto del vaccino anche in italia tre casi di trombosi intervengono aifa e nas ,2
16141,2021-03-11 17:02:19,activnews24,astrazeneca draghi sente von der leyen nessun nesso tra vaccino e casi di trombosi,2
15981,2021-03-11 19:08:10,pierabelfanti,astrazeneca von der leyen telefona a draghi  non c e nesso evidente tra vaccino e trombosi  ,2
15966,2021-03-11 19:22:08,freedom03661447,astrazeneca ritirato un lotto del vaccino anche in italia tre casi di trombosi intervengono aifa e nas ,2
15902,2021-03-11 20:14:24,pelideachille1,astrazeneca l ema ha annunciato von der leyen avviera indagine per fare chiarezza sui casi di trombosi e somministrazione vaccino quando si parla di burocrazia ue e di politichese non chiederemo a az i test data dei lotti in questione ma avvieremo indagine ,2
15885,2021-03-11 20:32:02,falconiere_mark,astrazeneca draghi nessun nesso evidente tra vaccino e trombosi tgcom24 ,2
15881,2021-03-11 20:35:39,bettaninmanuela,astrazeneca draghi nessun nesso evidente tra vaccino e trombosi tgcom24 draghi c e anche un medico morto e ci sono indagati e hanno il coraggio di dire che non c e nesso che delusione anche draghi il salvatore di cosa della dittatura sanitaria ,2
15866,2021-03-11 20:46:50,luca10553712,astrazeneca polemica del tutto strumentale messa in piedi dai no vax che non vedevano l ora di cavalcare un evento come questo avete rotto i coglioni io mi vaccino appena possibile totale fiducia nei vaccini ,2
15827,2021-03-11 21:09:18,truppenstrunz,astrazeneca son tutti furbi quelli che parlano a favore dei vaccini da fuori da un loculo dove ci si e finiti dopo poche ore dal vaccino ,2
15823,2021-03-11 21:10:39,gianlustella,astrazeneca staseraitalia la palombelli infastidita dalle gravi notizie sul vaccino astrazeneca fa parlare bassetti senza contraddittorio per gettare acqua sul fuoco ma la grande menzogna sulla piena sicurezza di questi vaccini sta venendo a galla purtroppo a danno di molti ,2
16138,2021-03-11 17:03:55,florian98168458,astrazeneca ritirato un lotto del vaccino anche in italia tre casi di trombosi intervengono aifa e nas ,2
16144,2021-03-11 17:01:01,mediasettgcom24,astrazeneca draghi nessun nesso evidente tra vaccino e trombosi coronavirus ,2
15801,2021-03-11 21:25:30,activnews24,astrazeneca da un analisi dei nostri dati di sicurezza su oltre 10 milioni di somministrazioni non e emersa alcuna prova di un aumento del rischio di embolia polmonare o trombosi venosa profonda in qualsiasi gruppo di eta sesso lotto in cui e stato usato il nostro vaccino ,2
16289,2021-03-11 15:28:21,voxclamantis5,astrazeneca ritirato un lotto del vaccino anche in italia tre casi di trombosi intervengono aifa e nas ritirando anche altri lotti un po ovunque hanno lavorato davvero bene astrazeneca nessunacorrelazione,2
17413,2021-03-08 16:52:27,barbararaval,astrazeneca e johnson amp johnson hanno usato adenovirus per i vaccini perche se gli studi su vaccini ad adenovirus sono stati interrotti anni fa perche le persone a cui era stato somministrato il vaccino mostravano maggiori probabilita di essere infettate  ,2
17260,2021-03-09 10:18:22,diana55619557,astrazeneca ci ha tagliato le forniture del vaccino dobbiamo permettere che i vaccini prodotti in italia ci vengono portati via sotto il naso per essere consegnati all australia loro si vendicano taroccando le ricette della nostra pasta masochisti buonappetito ,2
17079,2021-03-09 19:25:14,pirolini,astrazeneca johnson amp johnson ed i vaccini che ci dicono comprati e poi non arrivare forse perche comprati gia da altri altro fallimento della ue e dell italia e c e l evidenza per il fatto che c e gia chi si e organizzato per produrre subito in italia il vaccino russo,2
16505,2021-03-11 12:06:50,blogsicilia,astrazeneca vaccini astrazeneca danimarca sospende l uso del vaccino  ,2
16503,2021-03-11 12:07:35,cicoria_e,astrazeneca pfizerbiontech moderna sputnik vaccini covid19 siete disposti a fare il vaccino,2
16422,2021-03-11 13:37:50,giovannibussett,astrazeneca vaccino sospeso in danimarca per casi di trombosi  la repubblica stop in altri 5 paesi  ,2
16331,2021-03-11 15:00:11,lillydessi,astrazeneca vaccino sospeso in danimarca per casi di trombosi la repubblica ,2
16296,2021-03-11 15:20:30,menegazzimarina,astrazeneca ritirato un lotto del vaccino anche in italia tre casi di trombosi intervengono aifa e nas ,2
16273,2021-03-11 15:37:37,leonardometalli,astrazeneca ritirato un lotto del vaccino anche in italia tre casi di trombosi intervengono aifa e nas ,2
16206,2021-03-11 16:23:13,gabryxugino,astrazeneca qui son morte 2 persone alcuni dicono 3 di eta intorno ai 40 50 anni dopo aver fatto il vaccino di astrazeneca facente parte del medesimo lotto una cosa e il terrorismo un altra cosa e il tutelare la fiducia che i cittadini ripongono nella scienza e nei vaccini,2
16269,2021-03-11 15:39:37,marco_zinno,astrazeneca vaccino sospeso in danimarca per casi di trombosi la repubblica ,2
16264,2021-03-11 15:43:10,respubl79983835,astrazeneca ritirato un lotto del vaccino anche in italia tre casi di trombosi intervengono aifa e nas libero quotidiano ,2
16249,2021-03-11 15:53:00,dcarpinone,astrazeneca ritirato un lotto del vaccino anche in italia tre casi di trombosi intervengono aifa e nas ,2
16242,2021-03-11 15:55:54,alienogrigio17,astrazeneca ritirato un lotto del vaccino anche in italia tre casi di trombosi intervengono aifa e nas sarebbero da analizzare bene i decessi avvenuti dopo questo vaccino in italia ci sarebbero brutte sorprese ,2
16238,2021-03-11 15:56:45,f_actio,astrazeneca e merdavaria dottorini farmacisti divulgatori infermieri farmacisti e piccoli chimici nessuno sa un cazzo su sti vaccini perche non sono stati testati e visto che non sapete un cazzo non vi esponete cacate senno vi accollate pure i morti futuri da vaccino ,2
16229,2021-03-11 16:03:01,adri19510,astrazeneca ritirato un lotto del vaccino anche in italia tre casi di trombosi intervengono aifa e nas ,2
16220,2021-03-11 16:12:11,se23rex,astrazeneca ritirato un lotto del vaccino anche in italia tre casi di trombosi intervengono aifa e nas libero quotidianoche ne sara di noi ,2
16213,2021-03-11 16:17:33,pat09_04,astrazeneca ritirato un lotto del vaccino anche in italia tre casi di trombosi intervengono aifa e nas il che mi tranquillizza notevolmente ,2
15818,2021-03-11 21:13:44,paolasai,astrazeneca casi di trombosi sospeso un lotto di vaccini in danimarca stop in altri 5 paesi es de i casi di decesso in sicilia sembrerebbero gia 3 vaccino,2
15751,2021-03-11 22:25:52,s_giacomoni,astrazeneca importante fare chiarezza anche su telefonata draghi vonderleyen vaccino 11marzo vaccini ,2
12958,2021-03-15 18:42:24,capricorne_o,astrazeneca sospeso il vaccino in italia germania francia e spagna in via temporanea e precauzionale ordinare altri vaccini astrazeneca ormai si e rovinata la reputazione molti gia lo hanno rifiutato dopo la prenotazione ,2
13929,2021-03-14 20:32:23,mediasettgcom24,astrazeneca nessun aumento di rischio embolia o trombosi nel vaccino nei lotti sotto accusa nessun problema riscontrato astrazeneca ,2
14812,2021-03-13 11:28:20,robertomulazzi,astrazeneca ha annunciato nuovi tagli alle forniture del suo vaccino contro il coronavirus all ue in una nota l azienda si dice dispiaciuta di annunciare carenze nelle spedizioni pianificate di vaccini contro il covid 19 all unione europea nonostante il lavoro instancabile,2
14744,2021-03-13 13:56:16,gema7799,astrazeneca vaccini e decessi il direttore dell aifa mai vista una situazione cosi  il vaccino di astrazeneca e sicuro ,2
14741,2021-03-13 14:02:25,gema7799,astrazeneca poca trasparenza e silenzi sui vaccini il ministro speranza spieghi non ci e mai state detto se dopo il vaccino si diventa fonte di contagio quanto dura l immunuta se ci fosse ci vorranno vaccini ogni anno ,2
14715,2021-03-13 14:43:12,spacecowboy21,astrazeneca ritarda consegna vaccino ue in pressing vaccini bastalockdown zonarossa,2
14277,2021-03-14 12:10:18,antonellamonac8,astrazeneca casi di trombosi dopo il vaccino allarme in italia e in europa von der leyen a draghi non ci sono nessi ,2
14076,2021-03-14 16:24:25,peterkama,astrazeneca ripresi i vaccini in piemonte stop lotto abv5811 e limitata al lotto abv5811 del quale faceva parte il vaccino somministrato al docente deceduto nelle scorse ore a biella la sospensione delle vaccinazioni con astrazeneca in piemonte,2
13974,2021-03-14 19:26:13,activnews24,astrazeneca in una nota ribadisce che non ci sono prove che il suo vaccino anti covid_19 aumenti il rischio di trombosi su 17 milioni di persone vaccinate solo 37 casi il che e inferiore a quello che ci si aspetterebbe tra la popolazione generale,2
13932,2021-03-14 20:27:39,leggoit,astrazeneca 15 trombosi e 22 embolie su 17 milioni di persone il nostro vaccino e sicuro come gli altri ,2
13924,2021-03-14 20:42:03,mediasettgcom24,astrazeneca nessun aumento di rischio embolia o trombosi nel vaccino nei lotti sotto accusa nessun problema riscontrato astrazeneca ,2
14919,2021-03-13 07:45:41,rossana86448038,astrazeneca oms  nessuna correlazione fra vaccino e trombosi  ma in italia e gia boom di disdette via  ,2
13787,2021-03-15 00:30:07,capricorne_o,astrazeneca 15 trombosi e 22 embolie su 17 milioni di vaccinati e come giocare alla roulette russa se per tua sfortuna il proiettile e in canna sei fottuto ,2
13762,2021-03-15 03:29:29,pelias01,astrazeneca non ci sono aumenti di rischio embolia o trombosi nel vaccino nei lotti sotto accusa nessun problema riscontrato tgcom24 ,2
13646,2021-03-15 09:58:42,anarchiacom,astrazeneca 15 trombosi e 22 embolie su 17 mln vaccinati talmente bassa la percentuale che astrazeneca sembra curativa piu che causarla  astrazeneca vaccinoastrazeneca vaccino,2
13484,2021-03-15 12:44:37,casticthe,astrazeneca adoro giocare le percentuali 15 casi su 17m vaccini meno di 1 persona su un milione incidenza di trombosi in italia 1 caso ogni 1000 abitanti 1000 per milione quindi direi che il vaccino protegge dalla trombosi ma vagliela a spiegare ai novax,2
13442,2021-03-15 13:40:56,semprelibero2,astrazeneca universita di oxford  nessun incremento di trombosi in chi ha ricevuto il vaccino in gran bretagna  ,2
13181,2021-03-15 17:08:56,entreri_arnodas,astrazenecanonsiferma per coerenza i mattonisti dovrebbero difendere il vaccino figlio della m  non ci sono vaccini piu vaccini di altri,2
13146,2021-03-15 17:22:31,almost__perfekt,astrazeneca conferma autorita norvegesi operatrice sanitaria 50enne morta causa trombosi dopo somministrazione prima dose vaccino nessuna patologia pregressa era stata vaccinata 1 settimana fa altre 2 persone attualmente ricoverate a oslo norvegia legemiddelverket fhi,2
13037,2021-03-15 18:09:09,domisavignoni,astrazeneca vaccini su oltre 17 milioni di persone vaccinate in europa e regno unito sono stati segnalati 15 eventi di trombosi venosa profonda e 22 di embolia polmonare in italia 166 episodi di tromboembolismo al giorno indipendenti dal vaccino ,2
14861,2021-03-13 09:56:37,massimi47715989,astrazeneca oms nessuna correlazione fra vaccino e trombosi ma in italia e gia boom di disdette ,2
14996,2021-03-12 21:29:01,massimoguerrera,astrazeneca ma vi sembra normale questo ciascuna dose di vaccino da 0 5 ml viene aspirata in una siringa per iniezione utilizzare un nuovo ago per la somministrazione quando possibile ma come quando possibile ema vaccino vaccini ,2
15744,2021-03-11 22:34:17,s_giacomoni,astrazeneca e bene che il governo chiarisca in fretta e rassicuri gli italiani come siamo certi fara governodraghi vaccini vaccino governo 11marzo ,2
15366,2021-03-12 12:18:13,moscam1,astrazeneca casi di trombosi dopo il vaccino allarme in italia e in europa von der leyen a draghi non ci sono nessi ,2
15670,2021-03-12 01:49:35,3nat34,astrazeneca militare morto dopo il vaccino a siracusa 10 indagati per omicidio colposo l aifa sospende il lotto di dosi la pm si vaccina poche ore dopo morto un poliziotto a catania vaccini italia ,2
15643,2021-03-12 07:02:49,teresat73540673,astrazeneca e possibile che una conservazione sbagliata dei vaccini crei criticita risponde rasi ex direttore dell ema non sappiamo quali tipi di degenerazione puo provocare la cattiva conservazione di questo vaccino capito ma se hanno detto che si puo tenere in frigo normale,2
15631,2021-03-12 07:24:33,fisco24_info,astrazeneca l aifa vieta un lotto in italia draghi chiama von der leyen per bruxelles nessuna evidenza di un nesso tra i casi di trombosi registrati in europa e la somministrazione del vaccino sequestri del nas ,2
15601,2021-03-12 08:16:44,lieflayer,astrazeneca 30 persone su milioni di vaccinati e come dire che diamo la colpa al vaccino se muore subito dopo che viene investito da un automobile nessuna correlazione e stata provata tra la trombosi e il vaccino d altronde un vettore virale come puo provocare trombosi ,2
15540,2021-03-12 09:36:04,fisco24_info,astrazeneca perche danimarca norvegia e islanda hanno sospeso il vaccino stop cautelare dopo alcuni coaguli di sangue indagini su tre vittime in italia ritirato un lotto draghi sente von der leyen nessun legame con la trombosi ,2
15512,2021-03-12 10:01:54,zai_retta,astrazeneca sono state riscontrate delle morti per trombosi in alcuni pazienti a cui era stato somministrato il vaccino poche e non sappiamo ancora se sono correlate ad esso invece 100 000 persone sono morte di covid e questo e un dato di fatto ,2
15392,2021-03-12 11:50:55,lieflayer,astrazeneca investito da un auto dopo aver fatto il vaccino vaccino cattivo questo e il tenore delle notizie di questi giorni al posto di darsi una mossa con l approvazione di altri vaccini e continuare a vaccinare piu persone possibili ci si preoccupa di morti casuali ,2
15378,2021-03-12 12:05:44,prvide,astrazeneca che sospende di nuovo la fornitura di vaccini all europa per la ventesima volta e l eu ancora ferma a leccare il culo a inghilterra stati uniti etc invece di approvare il vaccino russo che chiaramente funziona e probabilmente e anche piu sicuro,2
15361,2021-03-12 12:22:51,conteagostino,astrazeneca calma e scienza il vaccino astrazeneca anti covid19 e finito sotto la lente delle autorita sanitarie hanno fatto scalpore e creato apprensione alcune notizie riguardanti trombosi attraverso analisi dati e autorita parliamone ,2
15005,2021-03-12 21:11:32,n36volpe1973,astrazeneca oms nessuna correlazione fra vaccino e trombosi ma in italia e gia boom di disdette gliitalianinonsifidano ,2
15294,2021-03-12 13:43:46,eliseinicole,astrazeneca von der leyen telefona a draghi  non c e nesso evidente tra vaccino e trombosi  ,2
15265,2021-03-12 14:19:19,orfakappa,astrazeneca bloccato il lotto ab qualcosa  abv2856 vaccinoanticovid vaccino vaccini covid19,2
15257,2021-03-12 14:28:27,affaritaliani,astrazeneca rassicura il vaccino e sicuro 12marzo pfizer vaccini ,2
15209,2021-03-12 15:11:23,lavocedelljonio,astrazeneca calma e scienza il vaccino anti covid19 e finito sotto la lente delle autorita sanitarie per alcune notizie riguardanti trombosi la farmacia pero e una scienza e attraverso analisi dati e autorita approfondiamo su lavocedellasalute ,2
15146,2021-03-12 16:43:15,emmemario,astrazeneca vaccini vaccinocovid vaccinazione figuratevi che il vaccino astrazeneca e cosi pericoloso che c e gente che muore senza neanche averlo fatto  per dire quant e potente ,2
15145,2021-03-12 16:43:38,paoloigna1,astrazeneca ha richiseto di trasferire parte delle forniture destinate agli usa verso l ue questo dato l abbondanza dei vaccini negli stati uniti e il fatto che il vaccino non e approvato dalla fda l amministrazione biden non ha dato il consenso ,2
15051,2021-03-12 19:46:30,ferrarisergio4,astrazeneca oms nessuna correlazione fra vaccino e trombosi ma in italia e gia boom di disdette ,2
15043,2021-03-12 19:58:31,vittoriococive1,astrazeneca oms nessuna correlazione fra vaccino e trombosi ma in italia e gia boom di disdette ,2
9273,2021-03-18 21:41:57,giusvo,astrazeneca pfizer moderna johnson amp johnson sputnik v il mio vaccino e differente vaccino vaccini coronavirus covid19 astrazeneca pfizer moderna johnsonejohnson sputnikv satira nutella ,2
9305,2021-03-18 21:02:50,valeriodistefan,astrazeneca ricercatori norvegesi stabiliscono un legame tra il vaccino e le trombosi astrazeneca legame norvegesi,2
9241,2021-03-18 22:06:33,fisco24_info,astrazeneca dopo ok ema sicurezza vaccini prioritaria l azienda anglo svedese assicura che continuera a lavorare a stretto contatto con le autorita sanitarie per garantire un uso appropriato del vaccino anti covid 19 ,2
9203,2021-03-18 23:10:11,leottavi,astrazeneca dopo ok ema vaccino non aumenta rischio trombosi pandemia covid19 ,2
5408,2021-03-28 14:00:18,adrijuve64,astrazeneca professoressa muore di trombosi a 46 anni a palermo  nell anamnesi presente il vaccino  ,2
5400,2021-03-28 14:18:38,emanugi07,astrazeneca professoressa muore di trombosi a 46 anni a palermo  nell anamnesi presente il vaccino  il caso e stato segnalato all aifa e alla autorita giudiziaria  ,2
5399,2021-03-28 14:24:44,autocostruttore,astrazeneca professoressa muore di trombosi a 46 anni a palermo nell anamnesi presente il vaccino ,2
5391,2021-03-28 14:44:56,morrisfre,astrazeneca professoressa muore di trombosi a 46 anni a palermo  nell anamnesi presente il vaccino  ,2
5390,2021-03-28 14:50:59,vgadele,astrazeneca professoressa muore di trombosi a 46 anni a palermo  nell anamnesi presente il vaccino  ,2
5383,2021-03-28 14:59:05,lettense1,astrazeneca professoressa muore di trombosi a 46 anni a palermo  nell anamnesi presente il vaccino  ,2
5381,2021-03-28 15:01:50,menegazzimarina,astrazeneca professoressa muore di trombosi a 46 anni a palermo  nell anamnesi presente il vaccino  ,2
5378,2021-03-28 15:09:52,vendramina,astrazeneca professoressa muore di trombosi a 46 anni a palermo  nell anamnesi presente il vaccino  ,2
5375,2021-03-28 15:13:43,acladborgia,astrazeneca professoressa muore di trombosi a 46 anni a palermo  nell anamnesi presente il vaccino  ,2
5358,2021-03-28 15:41:37,flashbloglive,astrazeneca professoressa muore di trombosi a 46 anni a palermo  nell anamnesi presente il vaccino   ,2
5352,2021-03-28 16:00:41,stefaniafalone,astrazeneca professoressa muore di trombosi a 46 anni a palermo  nell anamnesi presente il vaccino  ,2
5337,2021-03-28 16:38:53,arwen0506,astrazeneca professoressa muore di trombosi a 46 anni a palermo  nell anamnesi presente il vaccino  ,2
5286,2021-03-28 18:26:55,benny99125790,astrazeneca professoressa muore di trombosi a 46 anni a palermo  nell anamnesi presente il vaccino  ,2
5282,2021-03-28 18:31:54,maria33759436,astrazeneca professoressa muore di trombosi a 46 anni a palermo  nell anamnesi presente il vaccino  ,2
5278,2021-03-28 18:35:37,clinicamenteb,astrazeneca professoressa muore di trombosi a 46 anni a palermo nell anamnesi presente il vaccino nessunacorrelazione ,2
5277,2021-03-28 18:36:59,bre__2014,astrazeneca professoressa muore di trombosi a 46 anni a palermo  nell anamnesi presente il vaccino  ,2
5271,2021-03-28 19:09:02,giada7219,astrazeneca proprio non mi convince astrazeneca professoressa muore di trombosi a 46 anni a palermo nell anamnesi presente il vaccino ,2
5269,2021-03-28 19:17:21,ilparadiso0,astrazeneca professoressa muore di trombosi a 46 anni a palermo  nell anamnesi presente il vaccino  ,2
5228,2021-03-28 20:31:49,energywebradio1,astrazeneca professoressa muore di trombosi a 46 anni a palermo  nell anamnesi presente il vaccino  ,2
5415,2021-03-28 13:44:52,alportog,astrazeneca professoressa muore di trombosi a 46 anni a palermo  nell anamnesi presente il vaccino  volete ritirare questi vaccini pensare di imporne l obbligo ma che coscienza avete  ,2
5431,2021-03-28 13:00:29,gazzettino,astrazeneca professoressa muore di trombosi a 46 anni a palermo  nell anamnesi presente il vaccino  ,2
5460,2021-03-28 11:43:35,gaiaarcadi,astrazeneca il nome del vaccino viene modificato in vaxzevria le abilita di comunicazione di questa azienda mi lasciano di stucco sempre astrazeneca vaccini covid19,2
6743,2021-03-24 12:31:10,alien1it,astrazeneca trombosi per donna 35enne a latina subito dopo il vaccino ricoverata in gravi condizioni ,2
6850,2021-03-24 08:29:27,mon87445247,astrazeneca trombosi dopo il vaccino a latina donna di 35 anni ricoverata grave primo caso in italia ,2
6847,2021-03-24 08:36:55,fachetti3333,astrazeneca trombosi dopo il vaccino a latina donna di 35 anni ricoverata grave primo caso in italia ,2
6844,2021-03-24 08:41:55,lspazio1,astrazeneca trombosi dopo il vaccino a latina donna di 35 anni ricoverata grave primo caso in italia ,2
6842,2021-03-24 08:49:37,robymonaldi2,astrazeneca trombosi dopo il vaccino a latina donna di 35 anni ricoverata grave primo caso in italia ,2
6816,2021-03-24 09:43:48,andreascan76,astrazeneca trombosi dopo il vaccino a latina donna di 35 anni ricoverata grave primo caso in italia ,2
6806,2021-03-24 10:03:10,evokofficial,astrazeneca trombosi dopo il vaccino a latina donna di 35 anni ricoverata grave primo caso in italia vaccino vaccini vax latina ,2
6804,2021-03-24 10:05:02,rassegnazampa,astrazeneca trombosi dopo il vaccino a latina donna di 35 anni ricoverata grave primo caso in italia ,2
6769,2021-03-24 11:24:36,nike5612,astrazeneca trombosi dopo il vaccino a latina donna di 35 anni ricoverata grave primo caso in italia ,2
6711,2021-03-24 14:24:13,mummy53690440,astrazeneca 35enne ricoverata per una trombosi una settimana dopo la prima dose del vaccino ,2
5603,2021-03-27 18:32:31,peterpatti,astrazeneca colpisce ancora due settimane fa una donna 37enne di gela ieri una 46enne che fa l insegnante a palermo vaccino covid corona virus vaccini,2
6585,2021-03-24 21:02:29,daniel57533882,astrazeneca trombosi dopo il vaccino a latina donna di 35 anni ricoverata grave primo caso in italia ,2
6519,2021-03-25 03:11:11,bizcommunityit,astrazeneca e le trombosi la difesa del neurobiologo gilestro  senza vaccino c e un rischio 100mila volte piu alto  ,2
6511,2021-03-25 06:29:19,rosati22,astrazeneca e le trombosi la difesa del neurobiologo gilestro senza vaccino c e un rischio 100mila volte piu alto il tempo ,2
6460,2021-03-25 09:39:22,marcofumetti,astrazeneca replica alle insinuazioni riguardanti i 29 milioni di dosi di vaccino trovate ad anagni quale gobba   _____ anagni vaccinoanticovid vaccinazioni vaccini,2
6395,2021-03-25 12:37:26,antonellamonac8,astrazeneca e le trombosi la difesa del neurobiologo gilestro senza vaccino c e un rischio 100mila volte piu alto il tempo u gravi chi puo saperlo,2
6379,2021-03-25 13:06:08,bron_elgram,astrazeneca e le trombosi la difesa del neurobiologo gilestro  senza vaccino c e un rischio 100mila volte piu alto  ,2
5969,2021-03-26 16:08:15,massimomenconi,astrazeneca finanziere di 48 anni stroncato da un malore a formia due giorni fa aveva fatto il vaccino coincidenza ma perche non se li fanno i ns parlamentari sti vaccini ,2
5844,2021-03-26 23:10:33,paoloversa,astrazeneca trombosi ed effetti collaterali c e un nuovo modulo per il consenso al vaccino seguo news ,2
5210,2021-03-28 21:00:47,albertomcmlxxxi,astrazeneca io non mi vaccino sono giovane nel caso preferisco affrontare la malattia che avere lo 0 01 di probabilita di crepare per una trombosi,2
5204,2021-03-28 21:15:33,francobus100,astrazeneca professoressa muore di trombosi a 46 anni a palermo  nell anamnesi presente il vaccino  ,2
5203,2021-03-28 21:15:37,benitomazza,astrazeneca professoressa muore di trombosi a 46 anni a palermo  nell anamnesi presente il vaccino  ,2
4361,2021-03-30 18:18:09,oslaz,astrazeneca il vaccino cambia nome in vaxzevria tra le controindicazioni rari casi di trombosi ,2
4579,2021-03-30 11:49:38,gazzettino,astrazeneca carabiniere morto per trombosi dopo il vaccino una nuova perizia ,2
4513,2021-03-30 14:11:14,rosati22,astrazeneca ema  casi di trombosi dopo il vaccino inferiori alla normalita  ,2
4510,2021-03-30 14:14:24,magagiannice,astrazeneca l ospedale charite di berlino ha fermato la vaccinazione con astrazeneca delle sue dipendenti sotto i 55 anni in germania altri casi di trombosi cerebrale per donne under 55 vaccini non si puo obbligare donne over55 a vaccino astrazeneca ,2
4494,2021-03-30 14:37:19,blogsicilia,astrazeneca germania astrazeneca altre trombosi in germania bloccato vaccino per le donne under 55 ,2
4436,2021-03-30 16:22:10,nanoalto,astrazeneca berlino sospende vaccino per under 60  nuovi dati sugli effetti collaterali  covid19 vaccini vaccino,2
4428,2021-03-30 16:33:46,magicagrmente22,astrazeneca altre trombosi in germania bloccato vaccino per le donne under 55 ,2
4395,2021-03-30 17:19:50,virus1979c,astrazeneca nella capitale tedesca il vaccino della multinazionale anglo svedese sara somministrato solo agli over 60 in germania sono 31 fino ad oggi i casi di trombosi cerebrale registrati ,2
4391,2021-03-30 17:27:16,pasqualinipatri,astrazeneca cambia nome il vaccino anglo svedese si chiamera vaxzevria cambia anche il bugiardino citera anche i casi di trombosi,2
4356,2021-03-30 18:32:04,strange_days_82,astrazeneca di fronte al clamoroso flop del suo vaccino avrebbe dovuto ritirare i vaccini e chiedere scusa alle vittime nulla di questo ha cambiato solo il nome da oggi non si chiama piu astrazeneca ma si chiama vaxzevria the show must go on vaxzevria astrazeneca ,2
4640,2021-03-30 09:38:11,miche27052003,astrazeneca professoressa muore di trombosi a 46 anni a palermo  nell anamnesi presente il vaccino  ,2
4350,2021-03-30 18:40:49,corrnazionale,astrazeneca cambia nome al vaccino anti covid19 il siero anglo svedese si chiamera vaxzevria tra gli effetti collaterali sono stati aggiunti i rarissimi casi di trombosi ,2
4333,2021-03-30 19:13:40,informativivere,astrazeneca cambia il nome ma non il prodotto vaccino vaccini virus covid scopri di piu pandemia segui vivere informati anche su facebook twitter e instagram per rimanere sempre aggiornato ,2
4331,2021-03-30 19:17:07,skorpion069,astrazeneca cambia nome il vaccino anti covid si chiamera vaxzevria pero adesso nel bugiardino c e scritto che puo provocare trombosi astrazeneca covid19 vaccinoanticovid pandemia,2
4321,2021-03-30 19:42:33,giovanni1958d,astrazeneca ora e vaxzevria diffuso anche il bugiardino che cita tra gli effetti collaterali anche i rari eventi di trombosi assolutamente contro i no vax ma le risposte rassicuranti nessuna relazione col vaccino non mi convincono ,2
4300,2021-03-30 20:30:37,matteofreschini,astrazeneca di fronte al clamoroso flop del suo vaccino avrebbe dovuto ritirare i vaccini e chiedere scusa alle vittime nulla di questo ha cambiato solo il nome da oggi non si chiama piu astrazeneca ma si chiama vaxzevria the show must go on vaxzevria astrazeneca,2
4259,2021-03-30 21:52:37,giannibellon1,astrazeneca solo ai giovani no aspetta astrazeneca anche agli anziani  no no astrazeneca solo agli anziani ai giovani vien la trombosi  vaccino vaccinocovid vaxzevria,2
4254,2021-03-30 21:55:20,danielazini1,astrazeneca carabiniere morto per trombosi dopo il vaccino una nuova perizia ,2
4253,2021-03-30 21:56:58,invictusnon,astrazeneca andrea crisanti a l aria che tira alterazioni genetiche chi deve evitare quel vaccino trombosi una pesantissima verita ,2
4586,2021-03-30 11:37:03,blitzquotidian0,astrazeneca e trombosi c e un collegamento tra vaccino e coaguli di sangue uno studio parla di rari casi letali ,2
4944,2021-03-29 13:01:15,sergiocacioppo_,astrazeneca insegnante morta a palermo 10 giorni dopo il vaccino l ospedale trombosi profonda ,2
5202,2021-03-28 21:16:55,gustavomichele6,astrazeneca professoressa muore di trombosi a 46 anni a palermo  nell anamnesi presente il vaccino  ,2
5150,2021-03-28 22:51:02,ninomontev1,astrazeneca professoressa muore di trombosi a 46 anni a palermo  nell anamnesi presente il vaccino  ,2
5196,2021-03-28 21:27:21,iris6354,astrazeneca professoressa muore di trombosi a 46 anni a palermo  nell anamnesi presente il vaccino  ,2
5186,2021-03-28 21:42:15,adolforomeorsu,astrazeneca professoressa muore di trombosi a 46 anni a palermo  nell anamnesi presente il vaccino  ,2
5183,2021-03-28 21:48:31,varrons,astrazeneca professoressa muore di trombosi a 46 anni a palermo  nell anamnesi presente il vaccino  ,2
5178,2021-03-28 21:55:10,crosiglia,astrazeneca professoressa muore di trombosi a 46 anni a palermo  nell anamnesi presente il vaccino  ,2
5174,2021-03-28 22:01:40,il_cupo,astrazeneca professoressa muore di trombosi a 46 anni a palermo  nell anamnesi presente il vaccino  r i p  ,2
5172,2021-03-28 22:06:46,franco75118377,astrazeneca professoressa muore di trombosi a 46 anni a palermo  nell anamnesi presente il vaccino  ,2
5168,2021-03-28 22:13:27,alessio78654850,astrazeneca professoressa muore di trombosi a 46 anni a palermo  nell anamnesi presente il vaccino  ,2
5158,2021-03-28 22:26:58,nikol2004rossi,astrazeneca professoressa muore di trombosi a 46 anni a palermo  nell anamnesi presente il vaccino  ,2
5146,2021-03-28 22:54:30,rossana86448038,astrazeneca professoressa muore di trombosi a 46 anni a palermo  nell anamnesi presente il vaccino  ,2
4973,2021-03-29 12:03:51,davideoberta,astrazeneca insegnante morta a palermo 10 giorni dopo il vaccino l ospedale trombosi profonda giornale di sicilia ,2
5130,2021-03-28 23:21:03,rymbens,astrazeneca professoressa muore di trombosi a 46 anni a palermo  nell anamnesi presente il vaccino  ,2
5126,2021-03-28 23:27:38,theory_cartoons,astrazeneca professoressa muore di trombosi a 46 anni a palermo  nell anamnesi presente il vaccino  ,2
5108,2021-03-29 01:01:48,mcocucci,astrazeneca professoressa muore di trombosi a 46 anni a palermo  nell anamnesi presente il vaccino  ,2
5080,2021-03-29 07:25:25,marcoemanueli6,astrazeneca professoressa muore di trombosi a 46 anni a palermo  nell anamnesi presente il vaccino  ,2
5073,2021-03-29 08:11:43,gds_it,astrazeneca insegnante morta a palermo 10 giorni dopo il vaccino l ospedale arrivata qui con una trombosi profonda ,2
5069,2021-03-29 08:20:17,amicaxamica,astrazeneca professoressa muore di trombosi a 46 anni a palermo  nell anamnesi presente il vaccino  ,2
5060,2021-03-29 08:36:48,andmar76,astrazeneca 27marzo covid per trombosi insegnante del don bosco di palermo aveva fatto il vaccino astrazeneca 10 giorni fa giornale di sicilia ,2
5031,2021-03-29 09:44:58,enniomacaluso,astrazeneca insegnante morta a palermo 10 giorni dopo il vaccino l ospedale trombosi profonda giornale di sicilia ,2
6865,2021-03-24 06:49:00,il_cupo,astrazeneca trombosi dopo il vaccino a latina donna di 35 anni ricoverata grave parlano di primo caso in italia ma siamo a molti di piu ,2
6866,2021-03-24 06:47:53,sionromina,astrazeneca trombosi dopo il vaccino a latina donna di 35 anni ricoverata grave primo caso in italia ,2
6867,2021-03-24 06:41:08,cicoria_e,astrazeneca trombosi dopo il vaccino a latina donna di 35 anni ricoverata grave primo caso in italia ,2
7549,2021-03-22 16:59:18,bisagnino,astrazeneca collega di sonia battaglia morta dopo vaccino e grave in ospedale per trombosi ,2
7816,2021-03-22 08:41:35,corvonero75,astrazeneca mentre finisce la terza fase degli studi sul vaccino nessuna correlazione con la trombosi ,2
7726,2021-03-22 11:21:47,intopandemic,astrazeneca anche uno studio americano conferma la sicurezza del vaccino non e stato rilevato un aumento del rischio di trombosi inoltre il vaccino sarebbe efficace al 100 nel prevenire casi gravi covid19 vaccini vaccinoastrazeneca covid_19 ,2
7723,2021-03-22 11:24:10,fuscomarina,astrazeneca vaccino x under 55 poi fino a 65 poi solo over 55 ecco una spiegazione che sembra logica trombosi diffusa e trombosi cerebrale con maggiore negli under 55 ,2
7715,2021-03-22 11:31:34,blitzquotidian0,astrazeneca vaccino sicuro no problemi con coaguli di sangue e trombosi efficace al 100 su casi gravi di covid ,2
7667,2021-03-22 13:17:25,armidmar,astrazeneca e tutti i vaccini sono mortali per tutti vedete un po che lista di malattie di soggetti che sottoposti a vaccino crepano vaccini da abolire ,2
7654,2021-03-22 13:46:58,armageddon5567,astrazeneca e il vaccino meno costoso fra tutti i vaccini astrazeneca fa pagare solo i costi di produzione senza guadagno significa qualcosa ,2
7576,2021-03-22 15:58:57,frances21035655,astrazeneca sperimentazione usa vaccino sicuro rischio trombosi non aumenta ,2
7565,2021-03-22 16:30:47,giovaquez,astrazeneca nega di aver mai esportato in uk vaccini o componenti di vaccino prodotti in impianti con sede in ue smentendo per bocca del vicepresidente esecutivo ruud dobber quanto affermato da bruxelles al riguardo covid19 ,2
7526,2021-03-22 17:36:43,magionami_tito,astrazeneca collega di sonia battaglia morta dopo vaccino e grave in ospedale per trombosi ,2
8158,2021-03-21 11:15:21,imolaoggi,astrazeneca i ricercatori norvegesi scoprono il legame tra vaccino e trombosi lo hanno trovato tutti tranne l ema e soci ,2
7519,2021-03-22 17:53:01,ultimenotizie,astrazeneca nega di aver mai esportato nel regno unito vaccini o componenti di vaccino anti covid prodotti in impianti con sede in paesi dell ue smentendo per bocca del vicepresidente esecutivo ruud dobber quanto affermato da bruxelles al riguardo ,2
7475,2021-03-22 18:53:25,arturop66023286,astrazeneca collega di sonia battaglia morta dopo vaccino e grave in ospedale per trombosi ,2
7411,2021-03-22 21:22:34,sabrimaggioni,astrazeneca risultati di ricercatori tedeschi e 1 reazione immunitaria a provocare trombosi e nota pertanto puo essere curata 1 soggetto sano quindi si vaccina x farsi poi curare trombosi provocata dal vaccino qs sono pazzi ,2
7324,2021-03-23 08:28:07,shootersykeku,astrazeneca sembra abbia fornito dati non sufficienti a credibilita sulla efficacia del vaccino sinceramente i vaccini hanno rotto l azz ,2
7277,2021-03-23 10:18:53,reddevil927,astrazeneca no della svizzera no degli usa che preferiscono i propri vaccini uk mai sospeso e il loro sputnik usato in mezzo mondo ma in europa ancora nada poco politici sti vaccini vaccino,2
7197,2021-03-23 13:05:51,gazzettino,astrazeneca trombosi dopo il vaccino a latina donna di 35 anni ricoverata grave primo caso in italia ,2
7167,2021-03-23 14:11:24,twittopolis,astrazeneca trombosi dopo il vaccino a latina donna di 35 anni ricoverata grave primo caso in italia ,2
7159,2021-03-23 14:24:35,enrico_miral,astrazeneca trombosi dopo il vaccino a latina donna di 35 anni ricoverata grave primo caso in italia ,2
8126,2021-03-21 12:48:19,ilpatriota9,astrazeneca i ricercatori norvegesi scoprono il legame tra vaccino e trombosi lo hanno trovato tutti tranne l ema e soci ,2
8481,2021-03-20 11:30:43,filomen58599291,astrazeneca e coaguli nel sangue team di medici scopre le cause curabili con un farmaco e usare questo vaccino se puo dare piu problemi rispetto agli altri vaccini all rna perche non usare solo questi ultimi ,2
7146,2021-03-23 14:42:29,mariagiuliadelf,astrazeneca trombosi dopo il vaccino a latina donna di 35 anni ricoverata grave primo caso in italia ,2
9092,2021-03-19 08:04:13,dicarlo_adriana,astrazeneca oggi riprendono i vaccini ricordate quando nel 2020 si facevano errori e nel frattempo morivano persone a tempesta con il covid oggi non e cambiato nulla si muore con il vaccino ,2
9183,2021-03-19 00:10:25,bizcommunityit,astrazeneca dopo ok ema vaccino non aumenta rischio trombosi ,2
9167,2021-03-19 01:05:38,pappaletteraf,astrazeneca ema  casi di trombosi dopo il vaccino inferiori alla normalita  ,2
9162,2021-03-19 01:19:09,smorfiadigitale,astrazeneca dopo ok ema vaccino non aumenta rischio trombosi ,2
9149,2021-03-19 04:21:30,rossaverde,astrazeneca e sempre stato sicuro abbiamo fermato i vaccini per niente e sicuro ed efficace e non causa un generale incremento del rischio associato ai coaguli di sangue lo ha ,2
9122,2021-03-19 07:24:49,vp1053,astrazeneca l ema il vaccino e sicuro e non e associato ad aumento del rischio di trombosi altre verifiche su casi rari non escluso legame e visto che gli effetti positivi so molti rispetto ai negativi non jene po frega de meno ,2
9115,2021-03-19 07:40:03,antoninobill,astrazeneca l ema il vaccino e sicuro e non e associato ad aumento del rischio di trombosi altre verifiche su casi rari non escluso legame ,2
9114,2021-03-19 07:40:11,ettore_ribaudo,astrazeneca fatti il vaccino vediamo se hai il coraggio la morte di persone deve indurre a ragionare sul modo di sviluppare i vaccini speranza,2
9099,2021-03-19 07:57:49,engu64,astrazeneca l ema il vaccino e sicuro e non e associato ad aumento del rischio di trombosi altre verifiche su casi rari non escluso legame ,2
8986,2021-03-19 10:22:07,universo1510195,astrazeneca non ha mai data molta fiducia sul suo vaccino ora ema ha dato il via libera dicendo che e un vaccino sicuro ma e sicuro davvero o e sicuro per il giro d interessi che girano intorno se dovessero succedere altri casi di trombosi ,2
8681,2021-03-19 19:09:56,voceamicaitalia,astrazeneca oms  no nesso causale fra vaccino e trombosi  ,2
8984,2021-03-19 10:26:16,donatoporreca,astrazeneca meta degli italiani rifiutano il vaccino si chiama autodifesa e un loro diritto e hanno il mio totale sostegno draghi vaccini governodraghi ema aifa novax covid19 coronavirus covid pandemia speranza lockdownitalia bastalockdown bassetti galli pd ,2
8948,2021-03-19 11:32:36,andcapocci,astrazeneca sicuro e efficace ma sui rarissimi casi di trombosi anomale non e escluso del tutto un legame col vaccino le ricerche continueranno e si aggiorneranno le avvertenze sui sintomi a cui fare attenzione prematuro parlare di categorie a rischio ,2
8914,2021-03-19 12:30:01,sparpagli,astrazeneca guerra fra multinazionali hanno schierato le truppe prezzolate dei media paraculi a servizio di chi paga di piu astrazeneca e il vaccino sicuro ha un solo difetto costa 1 10 di pfizer ogni mil di vaccini astrazeneca sono 18mil di minor guadagnoxpfizer meditate ,2
8865,2021-03-19 13:40:43,splendente55,astrazenecaa nn ha nesso con le trombosi perche dalle autopsie le morti sono avvenute dopo il vaccino e nn per domanda agli esperti il motivo primario delle morti di una persona sana e perche nn sapeva di essere malata di trombosi ma asintimatica in attesa di vaccino ,2
8862,2021-03-19 13:41:22,boccininocisl,astrazeneca ema da via libera al vaccino sicuro ed efficace benefici superano rischi esclusi legami con trombosi ,2
8753,2021-03-19 16:28:07,xilvia_c,astrazeneca vaccino covid19 ma se ci sono piu vaccini perche non ho il diritto di ricevere quello che ha maggiore copertura e minori effetti avversi allo stato attuale della conoscenza ovviamente ,2
8724,2021-03-19 17:38:07,fisco24_info,astrazeneca oms no nesso causale fra vaccino e trombosi continua ad avere un profilo rischio beneficio positivo con un enorme potenziale nel prevenire le infezioni e ridurre i decessi ,2
8682,2021-03-19 19:07:41,rosati22,astrazeneca ema casi di trombosi dopo il vaccino inferiori alla normalita la stampa ,2
6872,2021-03-24 03:20:29,ragmarini,astrazeneca trombosi dopo il vaccino a latina donna di 35 anni ricoverata grave primo caso in italia ,2
7157,2021-03-23 14:27:18,alexanderxxvii1,astrazeneca trombosi dopo il vaccino a latina donna di 35 anni ricoverata grave primo caso in italia ,2
7139,2021-03-23 14:56:17,orogiampaolo,astrazeneca trombosi dopo il vaccino a latina donna di 35 anni ricoverata grave primo caso in italia ,2
6949,2021-03-23 21:20:44,xx_fabrizio_xx,astrazeneca trombosi dopo il vaccino a latina donna di 35 anni ricoverata grave primo caso in italia ,2
7019,2021-03-23 18:41:14,iolanda_pitti,astrazeneca trombosi dopo il vaccino a latina donna di 35 anni ricoverata grave primo caso in italia ,2
7006,2021-03-23 19:14:58,girasole312,astrazeneca trombosi dopo il vaccino a latina donna di 35 anni ricoverata grave primo caso in italia ,2
6984,2021-03-23 20:09:53,liliaragnar,astrazeneca trombosi dopo il vaccino a latina donna di 35 anni ricoverata grave 23 marzo 2021 primo caso in italia che porci infami venduti bastardi ,2
6973,2021-03-23 20:38:39,vgadele,astrazeneca trombosi dopo il vaccino a latina donna di 35 anni ricoverata grave primo caso in italia ,2
6970,2021-03-23 20:41:41,desnuda_maya,astrazeneca trombosi dopo il vaccino a latina donna di 35 anni ricoverata grave primo caso in italia ,2
6969,2021-03-23 20:42:42,marinaamoretti6,astrazeneca trombosi dopo il vaccino a latina donna di 35 anni ricoverata grave primo caso in italia ,2
6963,2021-03-23 20:50:33,clinicamenteb,astrazeneca trombosi dopo il vaccino a latina donna di 35 anni ricoverata grave primo caso in italia non e morta ma quasi nessunacorrelazione ,2
6962,2021-03-23 20:51:22,letargo6,astrazeneca trombosi dopo il vaccino a latina donna 35enne in gravissime condizioni sempre piu casi in italia la strage seguita le altre farmaceutiche non sono da meno secondo i piani satanici con le prossime 3 vaccinazioni sino al 2024 la popolazione scendera sensibilmente ,2
6946,2021-03-23 21:24:26,mamolkcsmamol,astrazeneca trombosi dopo il vaccino a latina donna di 35 anni ricoverata grave primo caso in italia ,2
7025,2021-03-23 18:30:40,magicagrmente22,astrazeneca trombosi dopo il vaccino a latina donna di 35 anni ricoverata grave primo caso in italia ,2
6938,2021-03-23 21:37:01,miky_vi,astrazeneca trombosi dopo il vaccino a latina donna di 35 anni ricoverata grave primo caso in italia ,2
6908,2021-03-23 22:56:20,benny99125790,astrazeneca trombosi dopo il vaccino a latina donna di 35 anni ricoverata grave primo caso in italia ,2
6906,2021-03-23 22:58:02,lucma66,astrazeneca trombosi dopo il vaccino a latina donna di 35 anni ricoverata grave primo caso in italia ,2
6900,2021-03-23 23:22:45,vittoriatwit,astrazeneca trombosi dopo il vaccino a latina donna di 35 anni ricoverata grave primo caso in italia ,2
6898,2021-03-23 23:27:27,ganga2410,astrazeneca dati obsoleti distorcono studi sull efficacia del vaccino il niaid chiede chiarezza database italia vaccini ,2
6894,2021-03-23 23:56:26,bralex84,astrazeneca trombosi dopo il vaccino a latina donna di 35 anni ricoverata grave primo caso in italia ,2
6892,2021-03-24 00:09:27,danielescarpini,astrazeneca trombosi dopo il vaccino a latina donna di 35 anni ricoverata grave primo caso in italia ,2
6873,2021-03-24 03:20:14,codeghino10,astrazeneca trombosi dopo il vaccino a latina donna di 35 anni ricoverata grave primo caso in italia ,2
7129,2021-03-23 15:08:05,eli_grandi,astrazeneca trombosi dopo il vaccino a latina donna di 35 anni ricoverata grave primo caso in italia ,2
7023,2021-03-23 18:33:05,epalermo2020,astrazeneca trombosi dopo il vaccino a latina donna di 35 anni ricoverata grave primo caso in italia primo caso in italia non credo che dia il primo ,2
7027,2021-03-23 18:26:50,bankasoluzioni,astrazeneca trombosi dopo il vaccino a latina donna di 35 anni ricoverata grave primo caso in italia ,2
7030,2021-03-23 18:21:47,blasf9,astrazeneca trombosi dopo il vaccino a latina donna di 35 anni ricoverata grave primo caso in italia ,2
7103,2021-03-23 16:01:56,rodolforomagno1,astrazeneca trombosi dopo il vaccino a latina donna di 35 anni ricoverata grave primo caso in italia ,2
7098,2021-03-23 16:12:45,eugenio06506793,astrazeneca trombosi dopo il vaccino a latina donna di 35 anni ricoverata grave primo caso in italia ,2
7097,2021-03-23 16:15:37,enricoparenti2,astrazeneca trombosi dopo il vaccino a latina donna di 35 anni ricoverata grave primo caso in italia ,2
7095,2021-03-23 16:17:34,rivalevante,astrazeneca dubbi dagli usa  potrebbe aver fornito dati obsoleti su studi vaccino  ,2
7081,2021-03-23 16:38:01,news24_it,astrazeneca trombosi dopo il vaccino a latina donna di 35 anni ricoverata grave primo caso in italia ,2
7080,2021-03-23 16:39:07,raff_napolitano,astrazeneca trombosi dopo il vaccino a latina donna di 35 anni ricoverata grave primo caso in italia nessunacorrelazione ,2
7069,2021-03-23 17:06:28,acladborgia,astrazeneca trombosi dopo il vaccino a latina donna di 35 anni ricoverata grave primo caso in italia ,2
7068,2021-03-23 17:11:50,giuseppelacara,astrazeneca trombosi dopo il vaccino a latina donna di 35 anni ricoverata grave primo caso in italia ,2
7066,2021-03-23 17:14:38,pinarus02443851,astrazeneca trombosi dopo il vaccino a latina donna di 35 anni ricoverata grave primo caso in italia ,2
7065,2021-03-23 17:14:47,yosoy46772049,astrazeneca trombosi dopo il vaccino a latina donna di 35 anni ricoverata grave primo caso in italia ,2
7062,2021-03-23 17:16:37,laura_in_cucina,astrazeneca trombosi dopo il vaccino a latina donna di 35 anni ricoverata grave primo caso in italia ,2
7053,2021-03-23 17:37:50,agostefi55,astrazeneca trombosi dopo il vaccino a latina donna di 35 anni ricoverata grave primo caso in italia mentitore,2
7047,2021-03-23 17:55:00,emeimarkus,astrazeneca trombosi dopo il vaccino a latina donna di 35 anni ricoverata grave primo caso in italia ,2
7043,2021-03-23 18:00:49,benitomazza,astrazeneca trombosi dopo il vaccino a latina donna di 35 anni ricoverata grave primo caso in italia ,2
7037,2021-03-23 18:09:34,simopinkpanther,astrazeneca trombosi dopo il vaccino a latina donna di 35 anni ricoverata grave italia ,2
7032,2021-03-23 18:18:30,75ginny,astrazeneca trombosi dopo il vaccino a latina donna di 35 anni ricoverata grave primo caso in italia ,2
18239,2021-03-04 19:00:52,m5s_europa,astrazeneca non rispetta gli obblighi contrattuali e i ritardi nella distribuzione di vaccini sono inaccettabili il blocco italiano all export verso l australia e sacrosanto il vaccino e di tutti le case farmaceutiche rispettino gli impegni presi ,2
9604,2021-03-18 17:55:45,giovannistinco,astrazeneca dice che il vaccino e sicuro efficace e adatto ma non si possono escludere collegamenti con rarissime trombosi 25 casi su 20 milioni molto piu probabile prendersi il covid19 e morire ema continuera a vigilare su futuri casi ,1
12245,2021-03-16 08:26:39,gagokill,astrazeneca 15marzo2021 dopo gli stancanti tentativi per prenotarmi nonostante i casi di trombosi di irrisoria statistica quindi la rassicurazione di amici dottori mi vaccino alle ore 16 00 breve storia triste alle 17 00 sospendono il vaccino bknmmt,1
10630,2021-03-17 12:31:24,giellevu,astrazeneca speranza il prestigioso paul ehrlich institut ha segnalato in germania 7 casi di trombosi tra i 4 e i 16 giorni dopo il vaccino in pazienti giovani 20 50 anni tra cui forme molto rare di trombosi cerebrale per questo ha suggerito lo stop vaccini covid19,1
16342,2021-03-11 14:52:26,arteviviano,astrazeneca domenica alle 11 00 dovevo fare il primo vaccino oggi scopro che hanno bloccato tutto la prima cosa che mi e passata dalla mente e ma questi vaccini aiutano o no dopo questa storia mi domando devo farlo o non devo farlo ,0
